title,author,genre,description
The Warm Road,Hayden Everett,Nonfiction,An engaging exploration of real-world ideas and facts.
The Distant Road,Casey Bennett,Biography,A compact account of a life that shaped its times.
The Cold Labyrinth,Taylor Fletcher,Science Fiction,A speculative story exploring technology and its cost.
The Forgotten River,Blake Everett,Young Adult,A coming-of-age tale about identity and choices.
The First Voyage,Reese Fletcher,Biography,A compact account of a life that shaped its times.
The Warm River,Parker Cole,Poetry,"A short, lyrical collection of images and emotions."
The Cold Shadow,Casey Everett,Young Adult,A coming-of-age tale about identity and choices.
The Silent House,Parker Fletcher,Mystery,A puzzle-like narrative that uncovers hidden truths.
The Last Sky,Taylor Dawson,Romance,"A heartfelt story about love, loss, and reconciliation."
The Crimson Memory,Morgan Grayson,Science Fiction,A speculative story exploring technology and its cost.
The Shattered House,Avery Grayson,Poetry,"A short, lyrical collection of images and emotions."
The Burning Voyage,Liam Cole,Romance,"A heartfelt story about love, loss, and reconciliation."
The Forgotten Letter,Kendall Fletcher,Fantasy,"An imaginative tale of magic, quests, and unlikely heroes."
The Gentle Throne,Quinn Fletcher,Children's literature,"A playful, gentle story suitable for young readers."
The Silent Key 43,Logan Cole,Children's literature,"A playful, gentle story suitable for young readers."
The Silent City,Casey Fletcher,Thriller,"A tense, fast-paced book full of suspense and stakes."
The Golden Throne,Parker Cole,Fantasy,"An imaginative tale of magic, quests, and unlikely heroes."
The Shattered Letter 15,Kendall Bennett,Science Fiction,A speculative story exploring technology and its cost.
The Silent City,Morgan Everett,Poetry,"A short, lyrical collection of images and emotions."
The Warm Mirror,Emerson Cole,Biography,A compact account of a life that shaped its times.
The Warm Map,Skyler Fletcher,Children's literature,"A playful, gentle story suitable for young readers."
The Gentle Song,Aiden Cole,Young Adult,A coming-of-age tale about identity and choices.
The Crimson Memory 24,Finley Fletcher,Thriller,"A tense, fast-paced book full of suspense and stakes."
The Luminous Promise,Cameron Everett,Thriller,"A tense, fast-paced book full of suspense and stakes."
The Warm City,Dakota Bennett,Mystery,A puzzle-like narrative that uncovers hidden truths.
The Lonely Letter,Aiden Everett,Science Fiction,A speculative story exploring technology and its cost.
The Strange Light,Noah Fletcher,Fiction,A character-driven story about relationships and change.
The First Empire,Emerson Everett,Nonfiction,An engaging exploration of real-world ideas and facts.
The Gentle Labyrinth,Sawyer Grayson,Fiction,A character-driven story about relationships and change.
The First Portrait,Alex Fletcher,Poetry,"A short, lyrical collection of images and emotions."
The Forgotten Throne 98,Cameron Fletcher,Poetry,"A short, lyrical collection of images and emotions."
The Lost Forest,Jamie Dawson,Fantasy,"An imaginative tale of magic, quests, and unlikely heroes."
The Strange  Flame,Maya Bennett,Poetry,"A short, lyrical collection of images and emotions."
The Sacred Voyage,Aiden Cole,Mystery,A puzzle-like narrative that uncovers hidden truths.
The Sacred Throne,Maya Bennett,Science Fiction,A speculative story exploring technology and its cost.
The Crimson Storm,Skyler Fletcher,Science Fiction,A speculative story exploring technology and its cost.
The Wild Throne,Finley Grayson,Poetry,"A short, lyrical collection of images and emotions."
The Lost Sky,Sophia Grayson,Fantasy,"An imaginative tale of magic, quests, and unlikely heroes."
The Silent Storm,Jamie Grayson,Mystery,A puzzle-like narrative that uncovers hidden truths.
The Cold House,Avery Grayson,Fantasy,"An imaginative tale of magic, quests, and unlikely heroes."
The Hidden Bridge,Emma Fletcher,Thriller,"A tense, fast-paced book full of suspense and stakes."
The Hidden Road 33,Emerson Fletcher,Romance,"A heartfelt story about love, loss, and reconciliation."
The Midnight Clock,Morgan Fletcher,Children's literature,"A playful, gentle story suitable for young readers."
The Eternal Key,Quinn Grayson,Young Adult,A coming-of-age tale about identity and choices.
The Cold Sky,Logan Everett,Poetry,"A short, lyrical collection of images and emotions."
The Broken Mirror,Maya Dawson,Thriller,"A tense, fast-paced book full of suspense and stakes."
The Sacred Key,Hayden Cole,Biography,A compact account of a life that shaped its times.
The Crimson Light,Quinn Cole,Poetry,"A short, lyrical collection of images and emotions."
The Transient Storm,Reese Grayson,Fantasy,"An imaginative tale of magic, quests, and unlikely heroes."
The Cold Letter,Noah Dawson,Biography,A compact account of a life that shaped its times.
The Eternal City,Rowan Grayson,Young Adult,A coming-of-age tale about identity and choices.
The Warm Clock,Harper Fletcher,Nonfiction,An engaging exploration of real-world ideas and facts.
The Lonely Storm,Kendall Cole,Thriller,"A tense, fast-paced book full of suspense and stakes."
The First Labyrinth,Finley Everett,Historical,A vivid portrayal of a past era seen through personal lives.
The Last Clock 11,Harper Everett,Science Fiction,A speculative story exploring technology and its cost.
The Hidden Portrait,Sawyer Grayson,Romance,"A heartfelt story about love, loss, and reconciliation."
The Crimson Portrait,Sawyer Grayson,Nonfiction,An engaging exploration of real-world ideas and facts.
The Lost River,Hayden Cole,Romance,"A heartfelt story about love, loss, and reconciliation."
The Lost Bridge 42,Hayden Fletcher,Children's literature,"A playful, gentle story suitable for young readers."
The Silent Shadow,Jordan Everett,Nonfiction,An engaging exploration of real-world ideas and facts.
The Strange Voyage,Kendall Everett,Science Fiction,A speculative story exploring technology and its cost.
The Lonely Map,Jordan Bennett,Thriller,"A tense, fast-paced book full of suspense and stakes."
The Cold Throne 57,Harper Dawson,Mystery,A puzzle-like narrative that uncovers hidden truths.
The Burning Memory,Quinn Bennett,Fantasy,"An imaginative tale of magic, quests, and unlikely heroes."
The Forgotten Voyage 99,Dakota Fletcher,Science Fiction,A speculative story exploring technology and its cost.
The First Garden,Jordan Bennett,Fantasy,"An imaginative tale of magic, quests, and unlikely heroes."
The Strange Storm,Rowan Cole,Romance,"A heartfelt story about love, loss, and reconciliation."
The Forgotten Portrait,Rowan Everett,Biography,A compact account of a life that shaped its times.
The First Throne,Sophia Grayson,Poetry,"A short, lyrical collection of images and emotions."
The Transient House,Mia Bennett,Romance,"A heartfelt story about love, loss, and reconciliation."
The Wild Portrait,Finley Dawson,Fiction,A character-driven story about relationships and change.
The First Bridge,Jordan Fletcher,Science Fiction,A speculative story exploring technology and its cost.
The Secret Empire,Aiden Fletcher,Science Fiction,A speculative story exploring technology and its cost.
The Gentle Map,Logan Bennett,Historical,A vivid portrayal of a past era seen through personal lives.
The Crimson Road,Casey Grayson,Poetry,"A short, lyrical collection of images and emotions."
The Golden Mirror,Olivia Grayson,Thriller,"A tense, fast-paced book full of suspense and stakes."
The Secret Light,Hayden Bennett,Children's literature,"A playful, gentle story suitable for young readers."
The Gentle River,Mia Fletcher,Mystery,A puzzle-like narrative that uncovers hidden truths.
The Silent City 20,Dakota Cole,Biography,A compact account of a life that shaped its times.
The Shattered Song,Mia Dawson,Young Adult,A coming-of-age tale about identity and choices.
The Broken Key 63,Olivia Grayson,Nonfiction,An engaging exploration of real-world ideas and facts.
The Shattered Letter,Casey Dawson,Children's literature,"A playful, gentle story suitable for young readers."
The Broken Light,Jamie Everett,Biography,A compact account of a life that shaped its times.
The Lost Forest,Liam Cole,Fiction,A character-driven story about relationships and change.
The Forgotten City,Avery Fletcher,Biography,A compact account of a life that shaped its times.
The Silent Road,Cameron Dawson,Nonfiction,An engaging exploration of real-world ideas and facts.
The Forgotten Key,Parker Grayson,Fantasy,"An imaginative tale of magic, quests, and unlikely heroes."
The First Letter,Jordan Cole,Young Adult,A coming-of-age tale about identity and choices.
The Midnight Empire 85,Avery Cole,Nonfiction,An engaging exploration of real-world ideas and facts.
The Lonely City,Skyler Cole,Nonfiction,An engaging exploration of real-world ideas and facts.
The Crimson Empire,Elliot Everett,Fiction,A character-driven story about relationships and change.
The Strange Shadow 40,Quinn Fletcher,Science Fiction,A speculative story exploring technology and its cost.
The Lonely Map,Riley Everett,Poetry,"A short, lyrical collection of images and emotions."
The Silent Labyrinth,Riley Dawson,Young Adult,A coming-of-age tale about identity and choices.
The Shattered Forest,Cameron Dawson,Fiction,A character-driven story about relationships and change.
The Wild Map,Alex Dawson,Romance,"A heartfelt story about love, loss, and reconciliation."
The Lost Light,Rowan Dawson,Biography,A compact account of a life that shaped its times.
The Broken Song,Aiden Grayson,Science Fiction,A speculative story exploring technology and its cost.
The Broken Song,Emma Cole,Thriller,"A tense, fast-paced book full of suspense and stakes."
The Cold Storm,Jamie Cole,Children's literature,"A playful, gentle story suitable for young readers."
The Luminous City 44,Sophia Fletcher,Poetry,"A short, lyrical collection of images and emotions."
The Midnight Road,Aiden Grayson,Children's literature,"A playful, gentle story suitable for young readers."
The Secret Key,Logan Cole,Mystery,A puzzle-like narrative that uncovers hidden truths.
The Broken Empire 69,Jordan Cole,Mystery,A puzzle-like narrative that uncovers hidden truths.
The First Letter,Finley Fletcher,Nonfiction,An engaging exploration of real-world ideas and facts.
The Luminous Storm,Avery Fletcher,Romance,"A heartfelt story about love, loss, and reconciliation."
The Golden Promise,Olivia Bennett,Thriller,"A tense, fast-paced book full of suspense and stakes."
The Cold Song,Mia Everett,Children's literature,"A playful, gentle story suitable for young readers."
The Hidden Storm,Mia Everett,Science Fiction,A speculative story exploring technology and its cost.
The Transient Storm,Skyler Cole,Fiction,A character-driven story about relationships and change.
The Warm Road,Emerson Cole,Historical,A vivid portrayal of a past era seen through personal lives.
The Secret Labyrinth,Parker Everett,Biography,A compact account of a life that shaped its times.
The Lost Forest,Riley Grayson,Romance,"A heartfelt story about love, loss, and reconciliation."
The Luminous Clock,Maya Everett,Fantasy,"An imaginative tale of magic, quests, and unlikely heroes."
The Silent Throne,Olivia Everett,Romance,"A heartfelt story about love, loss, and reconciliation."
The Midnight Forest,Quinn Everett,Romance,"A heartfelt story about love, loss, and reconciliation."
The Cold Forest,Aiden Bennett,Nonfiction,An engaging exploration of real-world ideas and facts.
The Lost Empire,Hayden Dawson,Fiction,A character-driven story about relationships and change.
The Midnight Song,Elliot Fletcher,Thriller,"A tense, fast-paced book full of suspense and stakes."
The Burning Memory,Dakota Dawson,Thriller,"A tense, fast-paced book full of suspense and stakes."
The Wild Forest,Morgan Bennett,Thriller,"A tense, fast-paced book full of suspense and stakes."
The Burning River,Noah Cole,Science Fiction,A speculative story exploring technology and its cost.
The Gentle Key,Riley Grayson,Nonfiction,An engaging exploration of real-world ideas and facts.
The Last City 14,Maya Bennett,Historical,A vivid portrayal of a past era seen through personal lives.
The Distant Forest,Skyler Grayson,Thriller,"A tense, fast-paced book full of suspense and stakes."
The Golden City,Riley Cole,Nonfiction,An engaging exploration of real-world ideas and facts.
The Strange Forest,Logan Everett,Historical,A vivid portrayal of a past era seen through personal lives.
The Silent Road,Liam Grayson,Fiction,A character-driven story about relationships and change.
The Distant Mirror 39,Avery Dawson,Fiction,A character-driven story about relationships and change.
The Golden Memory 4,Kendall Grayson,Science Fiction,A speculative story exploring technology and its cost.
The Lost Throne,Hayden Grayson,Biography,A compact account of a life that shaped its times.
The Warm River,Kendall Cole,Nonfiction,An engaging exploration of real-world ideas and facts.
The Strange Mirror,Taylor Grayson,Fiction,A character-driven story about relationships and change.
The Luminous Mirror 63,Cameron Fletcher,Historical,A vivid portrayal of a past era seen through personal lives.
The Transient Labyrinth,Jordan Everett,Historical,A vivid portrayal of a past era seen through personal lives.
The Distant Labyrinth,Liam Grayson,Biography,A compact account of a life that shaped its times.
The Shattered Letter,Jamie Grayson,Children's literature,"A playful, gentle story suitable for young readers."
The Golden Shadow 43,Rowan Everett,Historical,A vivid portrayal of a past era seen through personal lives.
The Distant Light,Finley Bennett,Romance,"A heartfelt story about love, loss, and reconciliation."
The Burning Empire,Noah Cole,Children's literature,"A playful, gentle story suitable for young readers."
The Broken Letter 42,Emma Bennett,Fantasy,"An imaginative tale of magic, quests, and unlikely heroes."
The Midnight Key,Jordan Fletcher,Historical,A vivid portrayal of a past era seen through personal lives.
The Midnight Voyage 7,Hayden Bennett,Mystery,A puzzle-like narrative that uncovers hidden truths.
The Sacred Empire 87,Taylor Fletcher,Children's literature,"A playful, gentle story suitable for young readers."
The Warm Storm,Maya Everett,Romance,"A heartfelt story about love, loss, and reconciliation."
The Gentle Road,Skyler Everett,Fiction,A character-driven story about relationships and change.
The Lonely River,Harper Grayson,Romance,"A heartfelt story about love, loss, and reconciliation."
The Luminous Forest,Sawyer Everett,Historical,A vivid portrayal of a past era seen through personal lives.
The Strange Storm 12,Quinn Grayson,Mystery,A puzzle-like narrative that uncovers hidden truths.
The Burning Map,Dakota Everett,Nonfiction,An engaging exploration of real-world ideas and facts.
The Gentle Clock,Liam Grayson,Romance,"A heartfelt story about love, loss, and reconciliation."
The Gentle Garden,Riley Bennett,Young Adult,A coming-of-age tale about identity and choices.
The Lost Portrait 8,Alex Dawson,Biography,A compact account of a life that shaped its times.
The Silent Map,Cameron Dawson,Thriller,"A tense, fast-paced book full of suspense and stakes."
The Hidden Labyrinth,Blake Grayson,Young Adult,A coming-of-age tale about identity and choices.
The Luminous Portrait 90,Finley Dawson,Romance,"A heartfelt story about love, loss, and reconciliation."
The First Forest,Avery Bennett,Children's literature,"A playful, gentle story suitable for young readers."
The Lonely Empire,Olivia Cole,Thriller,"A tense, fast-paced book full of suspense and stakes."
The Sacred Mirror 45,Olivia Dawson,Biography,A compact account of a life that shaped its times.
The Wild Key,Riley Cole,Thriller,"A tense, fast-paced book full of suspense and stakes."
The Lost Labyrinth 83,Casey Fletcher,Young Adult,A coming-of-age tale about identity and choices.
The Sacred Map,Logan Bennett,Fantasy,"An imaginative tale of magic, quests, and unlikely heroes."
The Burning Bridge,Reese Bennett,Fiction,A character-driven story about relationships and change.
The Transient Storm 29,Emerson Fletcher,Fiction,A character-driven story about relationships and change.
The Warm Clock,Dakota Dawson,Nonfiction,An engaging exploration of real-world ideas and facts.
The Hidden Storm 47,Logan Dawson,Fiction,A character-driven story about relationships and change.
The Strange Promise,Logan Fletcher,Fantasy,"An imaginative tale of magic, quests, and unlikely heroes."
The Hidden Shadow,Dakota Dawson,Fiction,A character-driven story about relationships and change.
The Distant Road,Jordan Grayson,Young Adult,A coming-of-age tale about identity and choices.
The Silent Clock,Sophia Grayson,Historical,A vivid portrayal of a past era seen through personal lives.
The First Garden,Kendall Fletcher,Historical,A vivid portrayal of a past era seen through personal lives.
The Crimson Shadow,Mia Grayson,Children's literature,"A playful, gentle story suitable for young readers."
The Wild Throne,Sophia Dawson,Romance,"A heartfelt story about love, loss, and reconciliation."
The Distant River,Emerson Dawson,Biography,A compact account of a life that shaped its times.
The First Letter,Noah Dawson,Romance,"A heartfelt story about love, loss, and reconciliation."
The Silent Clock,Jordan Dawson,Fiction,A character-driven story about relationships and change.
The Wild Song,Dakota Cole,Fiction,A character-driven story about relationships and change.
The Gentle Storm,Maya Fletcher,Science Fiction,A speculative story exploring technology and its cost.
The Gentle Sky,Emerson Grayson,Fantasy,"An imaginative tale of magic, quests, and unlikely heroes."
The Gentle Labyrinth,Mia Grayson,Science Fiction,A speculative story exploring technology and its cost.
The Burning Mirror,Hayden Grayson,Fiction,A character-driven story about relationships and change.
The Strange Forest,Noah Fletcher,Thriller,"A tense, fast-paced book full of suspense and stakes."
The Broken House,Blake Bennett,Nonfiction,An engaging exploration of real-world ideas and facts.
The Luminous Shadow,Kendall Grayson,Children's literature,"A playful, gentle story suitable for young readers."
The Burning Sky,Sawyer Everett,Poetry,"A short, lyrical collection of images and emotions."
The Warm Memory,Cameron Bennett,Historical,A vivid portrayal of a past era seen through personal lives.
The Shattered Light,Skyler Bennett,Young Adult,A coming-of-age tale about identity and choices.
The Eternal Sky,Jamie Fletcher,Thriller,"A tense, fast-paced book full of suspense and stakes."
The Transient Shadow,Emma Grayson,Fiction,A character-driven story about relationships and change.
The Midnight Letter,Mia Bennett,Fiction,A character-driven story about relationships and change.
The Golden Throne,Finley Dawson,Nonfiction,An engaging exploration of real-world ideas and facts.
The Eternal Clock,Emma Grayson,Thriller,"A tense, fast-paced book full of suspense and stakes."
The Forgotten Memory,Taylor Cole,Science Fiction,A speculative story exploring technology and its cost.
The Cold Voyage,Finley Everett,Fantasy,"An imaginative tale of magic, quests, and unlikely heroes."
The Lost Promise,Hayden Everett,Thriller,"A tense, fast-paced book full of suspense and stakes."
The Luminous Road,Taylor Dawson,Biography,A compact account of a life that shaped its times.
The Lost Garden,Cameron Bennett,Fantasy,"An imaginative tale of magic, quests, and unlikely heroes."
The Golden Portrait,Sophia Everett,Biography,A compact account of a life that shaped its times.
The Lost Road 29,Sophia Cole,Biography,A compact account of a life that shaped its times.
The Distant Promise,Reese Dawson,Children's literature,"A playful, gentle story suitable for young readers."
The Distant Promise 42,Sawyer Fletcher,Children's literature,"A playful, gentle story suitable for young readers."
The Wild Mirror 80,Alex Everett,Young Adult,A coming-of-age tale about identity and choices.
The Transient House,Blake Bennett,Thriller,"A tense, fast-paced book full of suspense and stakes."
The Silent Song,Noah Everett,Nonfiction,An engaging exploration of real-world ideas and facts.
The Luminous City,Alex Everett,Mystery,A puzzle-like narrative that uncovers hidden truths.
The Sacred Key 58,Emerson Dawson,Fiction,A character-driven story about relationships and change.
The Last Key,Morgan Cole,Young Adult,A coming-of-age tale about identity and choices.
The Transient Garden 77,Mia Bennett,Biography,A compact account of a life that shaped its times.
The Midnight Storm,Olivia Bennett,Nonfiction,An engaging exploration of real-world ideas and facts.
The Last Clock,Taylor Grayson,Biography,A compact account of a life that shaped its times.
The Lost Sky,Olivia Cole,Young Adult,A coming-of-age tale about identity and choices.
The Shattered Storm,Maya Everett,Biography,A compact account of a life that shaped its times.
The Warm Storm,Aiden Fletcher,Poetry,"A short, lyrical collection of images and emotions."
The Lost Clock,Jordan Bennett,Poetry,"A short, lyrical collection of images and emotions."
The Secret Garden,Harper Everett,Children's literature,"A playful, gentle story suitable for young readers."
The First Garden,Rowan Cole,Fantasy,"An imaginative tale of magic, quests, and unlikely heroes."
The Gentle Labyrinth,Mia Cole,Fiction,A character-driven story about relationships and change.
The First Storm,Finley Bennett,Fantasy,"An imaginative tale of magic, quests, and unlikely heroes."
The Burning Empire,Finley Grayson,Historical,A vivid portrayal of a past era seen through personal lives.
The Transient Key,Parker Grayson,Historical,A vivid portrayal of a past era seen through personal lives.
The Midnight Bridge 11,Aiden Dawson,Fantasy,"An imaginative tale of magic, quests, and unlikely heroes."
The Distant Clock,Taylor Everett,Biography,A compact account of a life that shaped its times.
The Gentle Portrait,Riley Fletcher,Mystery,A puzzle-like narrative that uncovers hidden truths.
The Lost Sky,Emerson Bennett,Mystery,A puzzle-like narrative that uncovers hidden truths.
The Transient Voyage,Mia Cole,Biography,A compact account of a life that shaped its times.
The Crimson Mirror,Emma Dawson,Mystery,A puzzle-like narrative that uncovers hidden truths.
The Warm Mirror,Maya Grayson,Science Fiction,A speculative story exploring technology and its cost.
The First Road 7,Reese Dawson,Science Fiction,A speculative story exploring technology and its cost.
The Gentle City,Avery Dawson,Biography,A compact account of a life that shaped its times.
The Cold Mirror,Quinn Dawson,Science Fiction,A speculative story exploring technology and its cost.
The Shattered Storm,Noah Fletcher,Nonfiction,An engaging exploration of real-world ideas and facts.
The Eternal Voyage 88,Avery Fletcher,Fiction,A character-driven story about relationships and change.
The Eternal Light,Reese Everett,Children's literature,"A playful, gentle story suitable for young readers."
The Gentle Mirror,Jamie Everett,Historical,A vivid portrayal of a past era seen through personal lives.
The Lonely Throne,Aiden Bennett,Thriller,"A tense, fast-paced book full of suspense and stakes."
The Transient Memory,Emerson Cole,Fantasy,"An imaginative tale of magic, quests, and unlikely heroes."
The Last Storm,Jordan Dawson,Fiction,A character-driven story about relationships and change.
The Warm Forest,Noah Everett,Fiction,A character-driven story about relationships and change.
The Secret River,Alex Bennett,Mystery,A puzzle-like narrative that uncovers hidden truths.
The Silent Throne 39,Noah Bennett,Mystery,A puzzle-like narrative that uncovers hidden truths.
The Distant City,Sophia Cole,Fiction,A character-driven story about relationships and change.
The Lonely Storm,Kendall Everett,Children's literature,"A playful, gentle story suitable for young readers."
The Crimson Mirror,Skyler Dawson,Science Fiction,A speculative story exploring technology and its cost.
The Transient Promise 30,Dakota Cole,Romance,"A heartfelt story about love, loss, and reconciliation."
The Lost Storm,Olivia Everett,Fantasy,"An imaginative tale of magic, quests, and unlikely heroes."
The Cold Voyage,Quinn Cole,Science Fiction,A speculative story exploring technology and its cost.
The Forgotten Road,Liam Fletcher,Romance,"A heartfelt story about love, loss, and reconciliation."
The Eternal  Flame,Maya Cole,Poetry,"A short, lyrical collection of images and emotions."
The Transient Storm,Alex Fletcher,Historical,A vivid portrayal of a past era seen through personal lives.
The Forgotten House,Harper Bennett,Mystery,A puzzle-like narrative that uncovers hidden truths.
The Last Letter,Blake Dawson,Young Adult,A coming-of-age tale about identity and choices.
The Secret House,Elliot Grayson,Young Adult,A coming-of-age tale about identity and choices.
The Strange Mirror,Kendall Dawson,Poetry,"A short, lyrical collection of images and emotions."
The Midnight Portrait,Parker Bennett,Romance,"A heartfelt story about love, loss, and reconciliation."
The Forgotten Voyage,Kendall Fletcher,Poetry,"A short, lyrical collection of images and emotions."
The Warm  Flame 22,Taylor Bennett,Science Fiction,A speculative story exploring technology and its cost.
The Shattered Song,Reese Cole,Thriller,"A tense, fast-paced book full of suspense and stakes."
The Secret Letter,Liam Everett,Mystery,A puzzle-like narrative that uncovers hidden truths.
The Distant City 99,Sawyer Bennett,Mystery,A puzzle-like narrative that uncovers hidden truths.
The Cold Garden 33,Sawyer Fletcher,Science Fiction,A speculative story exploring technology and its cost.
The Hidden City 10,Elliot Cole,Children's literature,"A playful, gentle story suitable for young readers."
The Burning Bridge,Cameron Everett,Young Adult,A coming-of-age tale about identity and choices.
The Hidden Bridge,Aiden Everett,Historical,A vivid portrayal of a past era seen through personal lives.
The Crimson  Flame,Avery Grayson,Historical,A vivid portrayal of a past era seen through personal lives.
The Midnight Sky,Sophia Dawson,Fantasy,"An imaginative tale of magic, quests, and unlikely heroes."
The Gentle Voyage,Liam Bennett,Poetry,"A short, lyrical collection of images and emotions."
The Last Memory,Cameron Bennett,Poetry,"A short, lyrical collection of images and emotions."
The Eternal Sky,Hayden Cole,Fantasy,"An imaginative tale of magic, quests, and unlikely heroes."
The Strange Letter,Avery Cole,Thriller,"A tense, fast-paced book full of suspense and stakes."
The Golden Clock,Emma Dawson,Young Adult,A coming-of-age tale about identity and choices.
The Lonely Garden,Olivia Dawson,Romance,"A heartfelt story about love, loss, and reconciliation."
The Hidden Storm 87,Reese Grayson,Romance,"A heartfelt story about love, loss, and reconciliation."
The Transient Key,Liam Bennett,Science Fiction,A speculative story exploring technology and its cost.
The Shattered Clock,Blake Everett,Mystery,A puzzle-like narrative that uncovers hidden truths.
The Sacred Voyage,Mia Dawson,Mystery,A puzzle-like narrative that uncovers hidden truths.
The Forgotten Map 66,Jamie Bennett,Mystery,A puzzle-like narrative that uncovers hidden truths.
The Sacred Shadow,Emma Grayson,Nonfiction,An engaging exploration of real-world ideas and facts.
The Last Forest,Liam Dawson,Young Adult,A coming-of-age tale about identity and choices.
The Shattered Letter,Jordan Dawson,Romance,"A heartfelt story about love, loss, and reconciliation."
The Hidden House,Reese Bennett,Nonfiction,An engaging exploration of real-world ideas and facts.
The Lonely Clock,Noah Grayson,Children's literature,"A playful, gentle story suitable for young readers."
The Shattered Road 94,Skyler Everett,Thriller,"A tense, fast-paced book full of suspense and stakes."
The Lost Labyrinth,Harper Cole,Nonfiction,An engaging exploration of real-world ideas and facts.
The Wild Storm,Emma Everett,Mystery,A puzzle-like narrative that uncovers hidden truths.
The Hidden Light,Jordan Cole,Mystery,A puzzle-like narrative that uncovers hidden truths.
The Midnight Song,Jordan Everett,Fiction,A character-driven story about relationships and change.
The First Key,Emma Bennett,Romance,"A heartfelt story about love, loss, and reconciliation."
The Cold Throne,Blake Fletcher,Children's literature,"A playful, gentle story suitable for young readers."
The Sacred Light,Hayden Fletcher,Science Fiction,A speculative story exploring technology and its cost.
The Golden Labyrinth,Jamie Cole,Mystery,A puzzle-like narrative that uncovers hidden truths.
The Forgotten Map,Casey Dawson,Science Fiction,A speculative story exploring technology and its cost.
The Warm Clock,Liam Fletcher,Fiction,A character-driven story about relationships and change.
The Golden Garden,Sophia Everett,Fantasy,"An imaginative tale of magic, quests, and unlikely heroes."
The Forgotten Voyage,Jamie Fletcher,Young Adult,A coming-of-age tale about identity and choices.
The Golden Forest,Aiden Dawson,Poetry,"A short, lyrical collection of images and emotions."
The Strange Clock 77,Alex Grayson,Science Fiction,A speculative story exploring technology and its cost.
The Distant Empire,Noah Bennett,Young Adult,A coming-of-age tale about identity and choices.
The Last River,Sawyer Dawson,Thriller,"A tense, fast-paced book full of suspense and stakes."
The Sacred Light,Logan Fletcher,Historical,A vivid portrayal of a past era seen through personal lives.
The Luminous  Flame 79,Reese Fletcher,Fiction,A character-driven story about relationships and change.
The Sacred Mirror 40,Jordan Everett,Fantasy,"An imaginative tale of magic, quests, and unlikely heroes."
The Transient Throne,Jordan Grayson,Young Adult,A coming-of-age tale about identity and choices.
The Shattered Storm,Harper Cole,Thriller,"A tense, fast-paced book full of suspense and stakes."
The Cold Letter,Rowan Dawson,Fantasy,"An imaginative tale of magic, quests, and unlikely heroes."
The Broken Key 92,Jordan Fletcher,Biography,A compact account of a life that shaped its times.
The Gentle Storm,Kendall Bennett,Children's literature,"A playful, gentle story suitable for young readers."
The Luminous Map,Liam Dawson,Mystery,A puzzle-like narrative that uncovers hidden truths.
The Eternal Throne,Casey Bennett,Romance,"A heartfelt story about love, loss, and reconciliation."
The Cold Memory,Casey Cole,Science Fiction,A speculative story exploring technology and its cost.
The Warm Road,Kendall Everett,Poetry,"A short, lyrical collection of images and emotions."
The Cold Throne,Quinn Dawson,Poetry,"A short, lyrical collection of images and emotions."
The Luminous Bridge 56,Dakota Bennett,Young Adult,A coming-of-age tale about identity and choices.
The First Garden,Casey Everett,Mystery,A puzzle-like narrative that uncovers hidden truths.
The Midnight House,Reese Dawson,Poetry,"A short, lyrical collection of images and emotions."
The Distant Garden,Parker Cole,Historical,A vivid portrayal of a past era seen through personal lives.
The First Throne 74,Elliot Everett,Nonfiction,An engaging exploration of real-world ideas and facts.
The Silent Forest,Skyler Dawson,Historical,A vivid portrayal of a past era seen through personal lives.
The Golden House 11,Morgan Grayson,Poetry,"A short, lyrical collection of images and emotions."
The Silent Throne,Riley Dawson,Thriller,"A tense, fast-paced book full of suspense and stakes."
The Strange Mirror,Jamie Dawson,Biography,A compact account of a life that shaped its times.
The Lonely Key,Kendall Dawson,Historical,A vivid portrayal of a past era seen through personal lives.
The Lonely Promise,Dakota Grayson,Mystery,A puzzle-like narrative that uncovers hidden truths.
The Last Forest,Liam Fletcher,Nonfiction,An engaging exploration of real-world ideas and facts.
The Shattered Promise,Alex Cole,Young Adult,A coming-of-age tale about identity and choices.
The Sacred Song,Parker Grayson,Poetry,"A short, lyrical collection of images and emotions."
The Transient Map,Jordan Dawson,Romance,"A heartfelt story about love, loss, and reconciliation."
The Lonely Road,Morgan Cole,Thriller,"A tense, fast-paced book full of suspense and stakes."
The Distant Labyrinth,Liam Bennett,Children's literature,"A playful, gentle story suitable for young readers."
The Luminous Throne,Jamie Bennett,Young Adult,A coming-of-age tale about identity and choices.
The Distant Memory,Finley Cole,Young Adult,A coming-of-age tale about identity and choices.
The Broken River,Jordan Grayson,Mystery,A puzzle-like narrative that uncovers hidden truths.
The Distant Storm,Emerson Bennett,Children's literature,"A playful, gentle story suitable for young readers."
The Wild  Flame,Sawyer Everett,Fantasy,"An imaginative tale of magic, quests, and unlikely heroes."
The Midnight Sky,Logan Bennett,Poetry,"A short, lyrical collection of images and emotions."
The Lonely Road,Riley Fletcher,Children's literature,"A playful, gentle story suitable for young readers."
The Lonely Voyage,Alex Bennett,Children's literature,"A playful, gentle story suitable for young readers."
The Golden Throne,Reese Bennett,Thriller,"A tense, fast-paced book full of suspense and stakes."
The Transient Portrait,Morgan Everett,Fantasy,"An imaginative tale of magic, quests, and unlikely heroes."
The Transient City,Logan Fletcher,Poetry,"A short, lyrical collection of images and emotions."
The Sacred Portrait,Casey Cole,Children's literature,"A playful, gentle story suitable for young readers."
The Forgotten Key,Jamie Dawson,Romance,"A heartfelt story about love, loss, and reconciliation."
The Sacred Mirror,Cameron Grayson,Young Adult,A coming-of-age tale about identity and choices.
The Transient Memory,Emma Fletcher,Nonfiction,An engaging exploration of real-world ideas and facts.
The Wild Song,Jordan Dawson,Nonfiction,An engaging exploration of real-world ideas and facts.
The Cold Portrait,Skyler Bennett,Mystery,A puzzle-like narrative that uncovers hidden truths.
The First House,Finley Cole,Thriller,"A tense, fast-paced book full of suspense and stakes."
The Luminous Throne 60,Logan Everett,Science Fiction,A speculative story exploring technology and its cost.
The Secret Sky,Olivia Fletcher,Young Adult,A coming-of-age tale about identity and choices.
The Golden Throne 98,Jordan Bennett,Nonfiction,An engaging exploration of real-world ideas and facts.
The Distant Memory,Sophia Bennett,Science Fiction,A speculative story exploring technology and its cost.
The Midnight House,Jordan Dawson,Biography,A compact account of a life that shaped its times.
The Last Forest,Jordan Grayson,Mystery,A puzzle-like narrative that uncovers hidden truths.
The Transient Throne 6,Logan Grayson,Fantasy,"An imaginative tale of magic, quests, and unlikely heroes."
The Transient Empire,Avery Bennett,Science Fiction,A speculative story exploring technology and its cost.
The Gentle Storm,Kendall Cole,Fiction,A character-driven story about relationships and change.
The Distant Storm,Skyler Everett,Nonfiction,An engaging exploration of real-world ideas and facts.
The Crimson Road 11,Alex Dawson,Fiction,A character-driven story about relationships and change.
The Warm Storm,Taylor Everett,Fantasy,"An imaginative tale of magic, quests, and unlikely heroes."
The Burning  Flame,Jordan Fletcher,Children's literature,"A playful, gentle story suitable for young readers."
The Silent Voyage,Taylor Everett,Historical,A vivid portrayal of a past era seen through personal lives.
The Last River,Alex Grayson,Children's literature,"A playful, gentle story suitable for young readers."
The Last Sky 46,Maya Fletcher,Poetry,"A short, lyrical collection of images and emotions."
The Silent Empire,Harper Fletcher,Thriller,"A tense, fast-paced book full of suspense and stakes."
The Luminous Portrait,Jordan Fletcher,Fantasy,"An imaginative tale of magic, quests, and unlikely heroes."
The Last House,Quinn Dawson,Historical,A vivid portrayal of a past era seen through personal lives.
The Lost Road 27,Elliot Cole,Science Fiction,A speculative story exploring technology and its cost.
The Distant Letter,Quinn Cole,Historical,A vivid portrayal of a past era seen through personal lives.
The Lost Letter,Hayden Grayson,Romance,"A heartfelt story about love, loss, and reconciliation."
The Lonely Portrait,Emerson Grayson,Poetry,"A short, lyrical collection of images and emotions."
The Cold Forest,Elliot Bennett,Fantasy,"An imaginative tale of magic, quests, and unlikely heroes."
The Cold Mirror,Elliot Everett,Romance,"A heartfelt story about love, loss, and reconciliation."
The Luminous Empire,Taylor Dawson,Fantasy,"An imaginative tale of magic, quests, and unlikely heroes."
The Warm Road 13,Sawyer Cole,Children's literature,"A playful, gentle story suitable for young readers."
The Lonely Voyage,Sawyer Dawson,Young Adult,A coming-of-age tale about identity and choices.
The Luminous Portrait,Elliot Dawson,Young Adult,A coming-of-age tale about identity and choices.
The Hidden Garden 25,Elliot Grayson,Mystery,A puzzle-like narrative that uncovers hidden truths.
The Wild Bridge,Finley Grayson,Fantasy,"An imaginative tale of magic, quests, and unlikely heroes."
The Cold Voyage 83,Olivia Everett,Biography,A compact account of a life that shaped its times.
The Crimson Bridge 37,Parker Everett,Romance,"A heartfelt story about love, loss, and reconciliation."
The Luminous Sky,Dakota Fletcher,Children's literature,"A playful, gentle story suitable for young readers."
The Eternal Voyage,Casey Bennett,Fiction,A character-driven story about relationships and change.
The Burning Light,Maya Cole,Science Fiction,A speculative story exploring technology and its cost.
The Silent Sky,Blake Fletcher,Science Fiction,A speculative story exploring technology and its cost.
The Golden Map,Aiden Everett,Poetry,"A short, lyrical collection of images and emotions."
The Forgotten Shadow 22,Sophia Bennett,Children's literature,"A playful, gentle story suitable for young readers."
The Cold Map,Taylor Cole,Historical,A vivid portrayal of a past era seen through personal lives.
The Lost City,Rowan Dawson,Romance,"A heartfelt story about love, loss, and reconciliation."
The Last Mirror,Liam Everett,Young Adult,A coming-of-age tale about identity and choices.
The Silent Letter,Taylor Fletcher,Poetry,"A short, lyrical collection of images and emotions."
The Lost River,Taylor Grayson,Romance,"A heartfelt story about love, loss, and reconciliation."
The Forgotten Throne 12,Sawyer Bennett,Young Adult,A coming-of-age tale about identity and choices.
The Cold House,Reese Fletcher,Romance,"A heartfelt story about love, loss, and reconciliation."
The Silent Road 66,Emerson Fletcher,Nonfiction,An engaging exploration of real-world ideas and facts.
The Secret Portrait,Rowan Fletcher,Fantasy,"An imaginative tale of magic, quests, and unlikely heroes."
The Secret Light,Cameron Grayson,Mystery,A puzzle-like narrative that uncovers hidden truths.
The Midnight Letter,Alex Fletcher,Fantasy,"An imaginative tale of magic, quests, and unlikely heroes."
The Transient Letter 16,Noah Cole,Poetry,"A short, lyrical collection of images and emotions."
The Shattered Clock,Logan Dawson,Nonfiction,An engaging exploration of real-world ideas and facts.
The Last Empire,Morgan Bennett,Nonfiction,An engaging exploration of real-world ideas and facts.
The Golden Throne,Jordan Everett,Poetry,"A short, lyrical collection of images and emotions."
The Cold Road,Jamie Everett,Fantasy,"An imaginative tale of magic, quests, and unlikely heroes."
The Gentle River,Kendall Dawson,Science Fiction,A speculative story exploring technology and its cost.
The Cold Bridge,Harper Grayson,Nonfiction,An engaging exploration of real-world ideas and facts.
The Forgotten Garden,Avery Everett,Thriller,"A tense, fast-paced book full of suspense and stakes."
The Forgotten  Flame 75,Harper Bennett,Children's literature,"A playful, gentle story suitable for young readers."
The Wild Labyrinth 16,Riley Grayson,Fiction,A character-driven story about relationships and change.
The Golden Key,Quinn Everett,Fiction,A character-driven story about relationships and change.
The Cold Voyage,Morgan Fletcher,Science Fiction,A speculative story exploring technology and its cost.
The Wild Memory,Hayden Dawson,Biography,A compact account of a life that shaped its times.
The First Throne,Skyler Grayson,Nonfiction,An engaging exploration of real-world ideas and facts.
The First Voyage,Alex Cole,Mystery,A puzzle-like narrative that uncovers hidden truths.
The Crimson Letter,Noah Grayson,Mystery,A puzzle-like narrative that uncovers hidden truths.
The Lost Throne,Parker Bennett,Fiction,A character-driven story about relationships and change.
The Strange City,Dakota Grayson,Children's literature,"A playful, gentle story suitable for young readers."
The Gentle Portrait,Elliot Bennett,Historical,A vivid portrayal of a past era seen through personal lives.
The Transient Key,Mia Cole,Romance,"A heartfelt story about love, loss, and reconciliation."
The Last Portrait,Maya Dawson,Nonfiction,An engaging exploration of real-world ideas and facts.
The Last Voyage,Reese Cole,Nonfiction,An engaging exploration of real-world ideas and facts.
The Golden Mirror,Sophia Dawson,Biography,A compact account of a life that shaped its times.
The Transient Road 95,Cameron Cole,Mystery,A puzzle-like narrative that uncovers hidden truths.
The Cold Garden,Emerson Dawson,Romance,"A heartfelt story about love, loss, and reconciliation."
The Silent Sky 2,Reese Everett,Science Fiction,A speculative story exploring technology and its cost.
The Last Sky,Mia Fletcher,Young Adult,A coming-of-age tale about identity and choices.
The Eternal Shadow,Skyler Dawson,Poetry,"A short, lyrical collection of images and emotions."
The Crimson Storm,Quinn Everett,Biography,A compact account of a life that shaped its times.
The Burning Song,Jordan Cole,Young Adult,A coming-of-age tale about identity and choices.
The Broken City,Harper Dawson,Young Adult,A coming-of-age tale about identity and choices.
The Lonely Shadow,Reese Grayson,Biography,A compact account of a life that shaped its times.
The Wild Map 50,Emerson Everett,Thriller,"A tense, fast-paced book full of suspense and stakes."
The Luminous Key,Finley Bennett,Biography,A compact account of a life that shaped its times.
The Transient House,Parker Everett,Fantasy,"An imaginative tale of magic, quests, and unlikely heroes."
The Transient Light 91,Morgan Dawson,Thriller,"A tense, fast-paced book full of suspense and stakes."
The First Light,Taylor Bennett,Poetry,"A short, lyrical collection of images and emotions."
The Last Garden,Emerson Everett,Fiction,A character-driven story about relationships and change.
The Lost Garden 38,Aiden Fletcher,Historical,A vivid portrayal of a past era seen through personal lives.
The Eternal Key,Rowan Grayson,Mystery,A puzzle-like narrative that uncovers hidden truths.
The Distant Bridge 46,Taylor Bennett,Historical,A vivid portrayal of a past era seen through personal lives.
The Silent Map,Logan Grayson,Historical,A vivid portrayal of a past era seen through personal lives.
The Lonely Light,Morgan Everett,Historical,A vivid portrayal of a past era seen through personal lives.
The Lonely House 36,Blake Cole,Science Fiction,A speculative story exploring technology and its cost.
The Lost Road,Liam Cole,Biography,A compact account of a life that shaped its times.
The Transient Portrait,Dakota Everett,Thriller,"A tense, fast-paced book full of suspense and stakes."
The Forgotten River,Blake Cole,Children's literature,"A playful, gentle story suitable for young readers."
The Wild City,Olivia Bennett,Fiction,A character-driven story about relationships and change.
The Last Mirror,Riley Everett,Historical,A vivid portrayal of a past era seen through personal lives.
The Forgotten Garden,Blake Dawson,Thriller,"A tense, fast-paced book full of suspense and stakes."
The Midnight Sky,Casey Grayson,Science Fiction,A speculative story exploring technology and its cost.
The Burning Storm,Logan Dawson,Romance,"A heartfelt story about love, loss, and reconciliation."
The First City,Sawyer Cole,Mystery,A puzzle-like narrative that uncovers hidden truths.
The Silent Mirror,Reese Everett,Poetry,"A short, lyrical collection of images and emotions."
The Wild Empire,Avery Everett,Nonfiction,An engaging exploration of real-world ideas and facts.
The Golden House,Parker Bennett,Biography,A compact account of a life that shaped its times.
The Sacred Storm,Logan Grayson,Poetry,"A short, lyrical collection of images and emotions."
The Distant Road,Avery Dawson,Romance,"A heartfelt story about love, loss, and reconciliation."
The Shattered Road,Skyler Cole,Thriller,"A tense, fast-paced book full of suspense and stakes."
The Broken Bridge,Rowan Bennett,Children's literature,"A playful, gentle story suitable for young readers."
The Broken  Flame,Taylor Cole,Poetry,"A short, lyrical collection of images and emotions."
The Gentle Map,Cameron Cole,Young Adult,A coming-of-age tale about identity and choices.
The Secret Clock,Rowan Fletcher,Historical,A vivid portrayal of a past era seen through personal lives.
The Transient Song,Maya Grayson,Children's literature,"A playful, gentle story suitable for young readers."
The Lost Key,Elliot Fletcher,Nonfiction,An engaging exploration of real-world ideas and facts.
The Golden Key,Noah Everett,Thriller,"A tense, fast-paced book full of suspense and stakes."
The Silent House,Rowan Bennett,Mystery,A puzzle-like narrative that uncovers hidden truths.
The Secret City,Aiden Dawson,Historical,A vivid portrayal of a past era seen through personal lives.
The Hidden Key,Riley Everett,Fantasy,"An imaginative tale of magic, quests, and unlikely heroes."
The Eternal Map,Casey Grayson,Historical,A vivid portrayal of a past era seen through personal lives.
The Secret Bridge,Parker Dawson,Nonfiction,An engaging exploration of real-world ideas and facts.
The Sacred Clock,Maya Fletcher,Historical,A vivid portrayal of a past era seen through personal lives.
The Sacred River,Elliot Bennett,Biography,A compact account of a life that shaped its times.
The Broken City 79,Noah Dawson,Fiction,A character-driven story about relationships and change.
The Silent Memory,Harper Grayson,Fiction,A character-driven story about relationships and change.
The Lost Light,Sophia Fletcher,Historical,A vivid portrayal of a past era seen through personal lives.
The Lost Portrait,Sophia Fletcher,Fantasy,"An imaginative tale of magic, quests, and unlikely heroes."
The Hidden Throne,Blake Grayson,Mystery,A puzzle-like narrative that uncovers hidden truths.
The Silent Song,Quinn Bennett,Biography,A compact account of a life that shaped its times.
The Luminous Sky 93,Jordan Everett,Romance,"A heartfelt story about love, loss, and reconciliation."
The First Road,Jordan Bennett,Historical,A vivid portrayal of a past era seen through personal lives.
The Wild Labyrinth,Parker Fletcher,Young Adult,A coming-of-age tale about identity and choices.
The Hidden  Flame,Maya Cole,Children's literature,"A playful, gentle story suitable for young readers."
The Luminous Clock,Avery Everett,Fiction,A character-driven story about relationships and change.
The Midnight Storm,Quinn Bennett,Historical,A vivid portrayal of a past era seen through personal lives.
The Crimson Letter,Olivia Dawson,Fiction,A character-driven story about relationships and change.
The Transient Garden,Morgan Grayson,Children's literature,"A playful, gentle story suitable for young readers."
The Luminous Empire,Olivia Fletcher,Thriller,"A tense, fast-paced book full of suspense and stakes."
The Wild Letter,Hayden Dawson,Romance,"A heartfelt story about love, loss, and reconciliation."
The Crimson Promise,Sophia Cole,Romance,"A heartfelt story about love, loss, and reconciliation."
The Gentle Key,Rowan Everett,Fantasy,"An imaginative tale of magic, quests, and unlikely heroes."
The Gentle Mirror,Morgan Dawson,Young Adult,A coming-of-age tale about identity and choices.
The Silent Voyage,Cameron Fletcher,Fantasy,"An imaginative tale of magic, quests, and unlikely heroes."
The First Song,Emma Everett,Young Adult,A coming-of-age tale about identity and choices.
The Broken Voyage,Parker Dawson,Thriller,"A tense, fast-paced book full of suspense and stakes."
The Cold Song,Finley Everett,Poetry,"A short, lyrical collection of images and emotions."
The Luminous Shadow 85,Emma Bennett,Biography,A compact account of a life that shaped its times.
The Midnight Labyrinth,Rowan Fletcher,Biography,A compact account of a life that shaped its times.
The Distant River,Elliot Dawson,Mystery,A puzzle-like narrative that uncovers hidden truths.
The Warm Shadow,Emerson Grayson,Historical,A vivid portrayal of a past era seen through personal lives.
The Last Light,Sophia Everett,Historical,A vivid portrayal of a past era seen through personal lives.
The Gentle Promise 94,Rowan Cole,Biography,A compact account of a life that shaped its times.
The Broken Clock 77,Emma Cole,Nonfiction,An engaging exploration of real-world ideas and facts.
The Distant House,Riley Bennett,Mystery,A puzzle-like narrative that uncovers hidden truths.
